
{"HSI": {"method": {"value": "KNN"}, "sensitivity": {"value": 0.9833333333333333}, "specificity": {"value": 0.9722222222222222}, "PPV": {"value": 0.9833333333333333}, "NPV": {"value": 0.9722222222222222}, "Accuracy": {"value": 0.9791666666666666}, "FPR": {"value": 0.027777777777777776}, "FNR": {"value": 0.016666666666666666}, "FDR": {"value": 0.016666666666666666}, "F1": {"value": 0.9833333333333333}, "meanAccuracy": {"value": 0.9791666666666666}}}

{"HSI": {"method": {"value": "SVM"}, "sensitivity": {"value": 1.0}, "specificity": {"value": 0.9722222222222222}, "PPV": {"value": 0.9836065573770492}, "NPV": {"value": 1.0}, "Accuracy": {"value": 0.9895833333333334}, "FPR": {"value": 0.027777777777777776}, "FNR": {"value": 0.0}, "FDR": {"value": 0.01639344262295082}, "F1": {"value": 0.9917355371900827}, "meanAccuracy": {"value": 0.9895833333333334}}}
