
{"HSI": {"method": {"value": "noExclusion_CNN_1_2"}, "sensitivity": {"value": 0.9833333333333333}, "specificity": {"value": 0.9722222222222222}, "PPV": {"value": 0.9833333333333333}, "NPV": {"value": 0.9722222222222222}, "Accuracy": {"value": 0.9791666666666666}, "FPR": {"value": 0.027777777777777776}, "FNR": {"value": 0.016666666666666666}, "FDR": {"value": 0.016666666666666666}, "F1": {"value": 0.9833333333333333}, "meanAccuracy": {"value": 0.9791666666666666}}}
{"HSI": {"method": {"value": "noExclusion_CNN_1_3"}, "sensitivity": {"value": 1.0}, "specificity": {"value": 0.967741935483871}, "PPV": {"value": 0.9795918367346939}, "NPV": {"value": 1.0}, "Accuracy": {"value": 0.9873417721518988}, "FPR": {"value": 0.03225806451612903}, "FNR": {"value": 0.0}, "FDR": {"value": 0.02040816326530612}, "F1": {"value": 0.9896907216494846}, "meanAccuracy": {"value": 0.9873417721518988}}}
{"HSI": {"method": {"value": "noExclusion_CNN_2_3"}, "sensitivity": {"value": 0.7906976744186046}, "specificity": {"value": 0.9130434782608695}, "PPV": {"value": 0.85}, "NPV": {"value": 0.875}, "Accuracy": {"value": 0.8660714285714286}, "FPR": {"value": 0.08695652173913043}, "FNR": {"value": 0.20930232558139536}, "FDR": {"value": 0.15}, "F1": {"value": 0.8192771084337349}, "meanAccuracy": {"value": 0.8660714285714286}}}