
{"HSI": {"method": {"value": "KNN"}, "sensitivity": {"value": 0.9791666666666666}, "specificity": {"value": 0.967741935483871}, "PPV": {"value": 0.9791666666666666}, "NPV": {"value": 0.967741935483871}, "Accuracy": {"value": 0.9746835443037974}, "FPR": {"value": 0.03225806451612903}, "FNR": {"value": 0.020833333333333332}, "FDR": {"value": 0.020833333333333332}, "F1": {"value": 0.9791666666666666}, "meanAccuracy": {"value": 0.9746835443037974}}}

{"HSI": {"method": {"value": "SVM"}, "sensitivity": {"value": 0.9791666666666666}, "specificity": {"value": 0.967741935483871}, "PPV": {"value": 0.9791666666666666}, "NPV": {"value": 0.967741935483871}, "Accuracy": {"value": 0.9746835443037974}, "FPR": {"value": 0.03225806451612903}, "FNR": {"value": 0.020833333333333332}, "FDR": {"value": 0.020833333333333332}, "F1": {"value": 0.9791666666666666}, "meanAccuracy": {"value": 0.9746835443037974}}}
