
{"HSI": {"method": {"value": "KNN"}, "sensitivity": {"value": 0.8888888888888888}, "specificity": {"value": 0.918918918918919}, "PPV": {"value": 0.8421052631578947}, "NPV": {"value": 0.9444444444444444}, "Accuracy": {"value": 0.9090909090909091}, "FPR": {"value": 0.08108108108108109}, "FNR": {"value": 0.1111111111111111}, "FDR": {"value": 0.15789473684210525}, "F1": {"value": 0.8648648648648649}, "meanAccuracy": {"value": 0.9090909090909091}}}
{"HSI": {"method": {"value": "SVM"}, "sensitivity": {"value": 0.9444444444444444}, "specificity": {"value": 0.918918918918919}, "PPV": {"value": 0.85}, "NPV": {"value": 0.9714285714285714}, "Accuracy": {"value": 0.9272727272727272}, "FPR": {"value": 0.08108108108108109}, "FNR": {"value": 0.05555555555555555}, "FDR": {"value": 0.15}, "F1": {"value": 0.8947368421052632}, "meanAccuracy": {"value": 0.9272727272727272}}}