
{"HSI": {"method": {"value": "KNN"}, "sensitivity": {"value": 0.7441860465116279}, "specificity": {"value": 0.855072463768116}, "PPV": {"value": 0.7619047619047619}, "NPV": {"value": 0.8428571428571429}, "Accuracy": {"value": 0.8125}, "FPR": {"value": 0.14492753623188406}, "FNR": {"value": 0.2558139534883721}, "FDR": {"value": 0.23809523809523808}, "F1": {"value": 0.7529411764705882}, "meanAccuracy": {"value": 0.8125}}}
{"HSI": {"method": {"value": "SVM"}, "sensitivity": {"value": 0.7674418604651163}, "specificity": {"value": 0.9420289855072463}, "PPV": {"value": 0.8918918918918919}, "NPV": {"value": 0.8666666666666667}, "Accuracy": {"value": 0.875}, "FPR": {"value": 0.057971014492753624}, "FNR": {"value": 0.23255813953488372}, "FDR": {"value": 0.10810810810810811}, "F1": {"value": 0.825}, "meanAccuracy": {"value": 0.875}}}