
{"HSI": {"method": {"value": "KNN"}, "sensitivity": {"value": [0.9090909090909091, 0.8888888888888888, 0.7068965517241379]}, "specificity": {"value": [0.9917355371900827, 0.775, 0.9176470588235294]}, "PPV": {"value": [0.9523809523809523, 0.7567567567567568, 0.8541666666666666]}, "NPV": {"value": [0.9836065573770492, 0.8985507246376812, 0.8210526315789474]}, "Accuracy": {"value": [0.9790209790209791, 0.8251748251748252, 0.8321678321678322]}, "FPR": {"value": [0.008264462809917356, 0.225, 0.08235294117647059]}, "FNR": {"value": [0.09090909090909091, 0.1111111111111111, 0.29310344827586204]}, "FDR": {"value": [0.047619047619047616, 0.24324324324324326, 0.14583333333333334]}, "F1": {"value": [0.9302325581395349, 0.8175182481751825, 0.7735849056603774]}, "meanAccuracy": {"value": 0.8787878787878788}}}
{"HSI": {"method": {"value": "SVM"}, "sensitivity": {"value": [0.9545454545454546, 0.9523809523809523, 0.6206896551724138]}, "specificity": {"value": [0.9917355371900827, 0.7375, 0.9529411764705882]}, "PPV": {"value": [0.9545454545454546, 0.7407407407407407, 0.9]}, "NPV": {"value": [0.9917355371900827, 0.9516129032258065, 0.7864077669902912]}, "Accuracy": {"value": [0.986013986013986, 0.8321678321678322, 0.8181818181818182]}, "FPR": {"value": [0.008264462809917356, 0.2625, 0.047058823529411764]}, "FNR": {"value": [0.045454545454545456, 0.047619047619047616, 0.3793103448275862]}, "FDR": {"value": [0.045454545454545456, 0.25925925925925924, 0.1]}, "F1": {"value": [0.9545454545454546, 0.8333333333333334, 0.7346938775510204]}, "meanAccuracy": {"value": 0.8787878787878789}}}