
{"HSI": {"method": {"value": "balanced_CNN_3classes"}, "sensitivity": {"value": [0.96875, 0.8205128205128205, 0.6842105263157895]}, "specificity": {"value": [0.9655172413793104, 0.9215686274509803, 0.8873239436619719]}, "PPV": {"value": [0.9393939393939394, 0.8888888888888888, 0.6190476190476191]}, "NPV": {"value": [0.9824561403508771, 0.8703703703703703, 0.9130434782608695]}, "Accuracy": {"value": [0.9666666666666667, 0.8777777777777778, 0.8444444444444444]}, "FPR": {"value": [0.034482758620689655, 0.0784313725490196, 0.11267605633802817]}, "FNR": {"value": [0.03125, 0.1794871794871795, 0.3157894736842105]}, "FDR": {"value": [0.06060606060606061, 0.1111111111111111, 0.38095238095238093]}, "F1": {"value": [0.9538461538461539, 0.8533333333333334, 0.65]}, "meanAccuracy": {"value": 0.8962962962962964}}}