
{"HSI": {"method": {"value": "balanced_CNN_1_2"}, "sensitivity": {"value": 0.972972972972973}, "specificity": {"value": 0.967741935483871}, "PPV": {"value": 0.972972972972973}, "NPV": {"value": 0.967741935483871}, "Accuracy": {"value": 0.9705882352941176}, "FPR": {"value": 0.03225806451612903}, "FNR": {"value": 0.02702702702702703}, "FDR": {"value": 0.02702702702702703}, "F1": {"value": 0.972972972972973}, "meanAccuracy": {"value": 0.9705882352941176}}}
{"HSI": {"method": {"value": "balanced_CNN_1_3"}, "sensitivity": {"value": 1.0}, "specificity": {"value": 0.972972972972973}, "PPV": {"value": 0.9473684210526315}, "NPV": {"value": 1.0}, "Accuracy": {"value": 0.9818181818181818}, "FPR": {"value": 0.02702702702702703}, "FNR": {"value": 0.0}, "FDR": {"value": 0.05263157894736842}, "F1": {"value": 0.972972972972973}, "meanAccuracy": {"value": 0.9818181818181818}}}
{"HSI": {"method": {"value": "balanced_CNN_2_3"}, "sensitivity": {"value": 0.5}, "specificity": {"value": 0.8421052631578947}, "PPV": {"value": 0.625}, "NPV": {"value": 0.7619047619047619}, "Accuracy": {"value": 0.7241379310344828}, "FPR": {"value": 0.15789473684210525}, "FNR": {"value": 0.5}, "FDR": {"value": 0.375}, "F1": {"value": 0.5555555555555556}, "meanAccuracy": {"value": 0.7241379310344828}}}