
{"HSI": {"method": {"value": "KNN"}, "sensitivity": {"value": [0.90625, 0.7692307692307693, 0.6842105263157895]}, "specificity": {"value": [0.9827586206896551, 0.8627450980392157, 0.8591549295774648]}, "PPV": {"value": [0.9666666666666667, 0.8108108108108109, 0.5652173913043478]}, "NPV": {"value": [0.95, 0.8301886792452831, 0.9104477611940298]}, "Accuracy": {"value": [0.9555555555555556, 0.8222222222222222, 0.8222222222222222]}, "FPR": {"value": [0.017241379310344827, 0.13725490196078433, 0.14084507042253522]}, "FNR": {"value": [0.09375, 0.23076923076923078, 0.3157894736842105]}, "FDR": {"value": [0.03333333333333333, 0.1891891891891892, 0.43478260869565216]}, "F1": {"value": [0.9354838709677419, 0.7894736842105263, 0.6190476190476191]}, "meanAccuracy": {"value": 0.8666666666666666}}}

{"HSI": {"method": {"value": "SVM"}, "sensitivity": {"value": [1.0, 0.7692307692307693, 0.5263157894736842]}, "specificity": {"value": [0.9482758620689655, 0.8627450980392157, 0.8873239436619719]}, "PPV": {"value": [0.9142857142857143, 0.8108108108108109, 0.5555555555555556]}, "NPV": {"value": [1.0, 0.8301886792452831, 0.875]}, "Accuracy": {"value": [0.9666666666666667, 0.8222222222222222, 0.8111111111111111]}, "FPR": {"value": [0.05172413793103448, 0.13725490196078433, 0.11267605633802817]}, "FNR": {"value": [0.0, 0.23076923076923078, 0.47368421052631576]}, "FDR": {"value": [0.08571428571428572, 0.1891891891891892, 0.4444444444444444]}, "F1": {"value": [0.9552238805970149, 0.7894736842105263, 0.5405405405405406]}, "meanAccuracy": {"value": 0.8666666666666666}}}
