
{"HSI": {"method": {"value": "noExclusion_CNN_3classes"}, "sensitivity": {"value": [1.0, 0.9047619047619048, 0.6551724137931034]}, "specificity": {"value": [0.9752066115702479, 0.775, 0.9411764705882353]}, "PPV": {"value": [0.88, 0.76, 0.8837209302325582]}, "NPV": {"value": [1.0, 0.9117647058823529, 0.8]}, "Accuracy": {"value": [0.9790209790209791, 0.8321678321678322, 0.8251748251748252]}, "FPR": {"value": [0.024793388429752067, 0.225, 0.058823529411764705]}, "FNR": {"value": [0.0, 0.09523809523809523, 0.3448275862068966]}, "FDR": {"value": [0.12, 0.24, 0.11627906976744186]}, "F1": {"value": [0.9361702127659575, 0.8260869565217391, 0.7524752475247525]}, "meanAccuracy": {"value": 0.8787878787878789}}}
{"HSI": {"method": {"value": "noExclusion_CNN_3classes"}, "sensitivity": {"value": [1.0, 0.9047619047619048, 0.6551724137931034]}, "specificity": {"value": [0.9752066115702479, 0.775, 0.9411764705882353]}, "PPV": {"value": [0.88, 0.76, 0.8837209302325582]}, "NPV": {"value": [1.0, 0.9117647058823529, 0.8]}, "Accuracy": {"value": [0.9790209790209791, 0.8321678321678322, 0.8251748251748252]}, "FPR": {"value": [0.024793388429752067, 0.225, 0.058823529411764705]}, "FNR": {"value": [0.0, 0.09523809523809523, 0.3448275862068966]}, "FDR": {"value": [0.12, 0.24, 0.11627906976744186]}, "F1": {"value": [0.9361702127659575, 0.8260869565217391, 0.7524752475247525]}, "meanAccuracy": {"value": 0.8787878787878789}}}