
{"HSI": {"method": {"value": "noExclusion_CNN_3classes"}, "sensitivity": {"value": [1.0, 0.9206349206349206, 0.7586206896551724]}, "specificity": {"value": [0.9834710743801653, 0.8375, 0.9529411764705882]}, "PPV": {"value": [0.9166666666666666, 0.8169014084507042, 0.9166666666666666]}, "NPV": {"value": [1.0, 0.9305555555555556, 0.8526315789473684]}, "Accuracy": {"value": [0.986013986013986, 0.8741258741258742, 0.8741258741258742]}, "FPR": {"value": [0.01652892561983471, 0.1625, 0.047058823529411764]}, "FNR": {"value": [0.0, 0.07936507936507936, 0.2413793103448276]}, "FDR": {"value": [0.08333333333333333, 0.18309859154929578, 0.08333333333333333]}, "F1": {"value": [0.9565217391304348, 0.8656716417910447, 0.8301886792452831]}, "meanAccuracy": {"value": 0.9114219114219114}}}