
{"HSI": {"method": {"value": "noExclusion_CNN_1_2"}, "sensitivity": {"value": 0.9833333333333333}, "specificity": {"value": 0.9722222222222222}, "PPV": {"value": 0.9833333333333333}, "NPV": {"value": 0.9722222222222222}, "Accuracy": {"value": 0.9791666666666666}, "FPR": {"value": 0.027777777777777776}, "FNR": {"value": 0.016666666666666666}, "FDR": {"value": 0.016666666666666666}, "F1": {"value": 0.9833333333333333}, "meanAccuracy": {"value": 0.9791666666666666}}}
{"HSI": {"method": {"value": "noExclusion_CNN_1_3"}, "sensitivity": {"value": 1.0}, "specificity": {"value": 0.967741935483871}, "PPV": {"value": 0.9795918367346939}, "NPV": {"value": 1.0}, "Accuracy": {"value": 0.9873417721518988}, "FPR": {"value": 0.03225806451612903}, "FNR": {"value": 0.0}, "FDR": {"value": 0.02040816326530612}, "F1": {"value": 0.9896907216494846}, "meanAccuracy": {"value": 0.9873417721518988}}}
{"HSI": {"method": {"value": "noExclusion_CNN_2_3"}, "sensitivity": {"value": 0.8372093023255814}, "specificity": {"value": 0.855072463768116}, "PPV": {"value": 0.782608695652174}, "NPV": {"value": 0.8939393939393939}, "Accuracy": {"value": 0.8482142857142857}, "FPR": {"value": 0.14492753623188406}, "FNR": {"value": 0.16279069767441862}, "FDR": {"value": 0.21739130434782608}, "F1": {"value": 0.8089887640449438}, "meanAccuracy": {"value": 0.8482142857142857}}}